[
  {
    "model": "core.socialclub",
    "pk": 1,
    "fields": {
      "name": "Social Club No. 0",
      "street": "Social Street 0",
      "zip": "97453"
    }
  },
  {
    "model": "core.socialclub",
    "pk": 2,
    "fields": {
      "name": "Social Club No. 1",
      "street": "Social Street 1",
      "zip": "19565"
    }
  },
  {
    "model": "core.socialclub",
    "pk": 3,
    "fields": {
      "name": "Social Club No. 2",
      "street": "Social Street 2",
      "zip": "62661"
    }
  },
  {
    "model": "core.socialclub",
    "pk": 4,
    "fields": {
      "name": "Social Club No. 3",
      "street": "Social Street 3",
      "zip": "42767"
    }
  },
  {
    "model": "core.socialclub",
    "pk": 5,
    "fields": {
      "name": "Social Club No. 4",
      "street": "Social Street 4",
      "zip": "68875"
    }
  },
  {
    "model": "core.socialclub",
    "pk": 6,
    "fields": {
      "name": "Social Club No. 5",
      "street": "Social Street 5",
      "zip": "73209"
    }
  },
  {
    "model": "core.socialclub",
    "pk": 7,
    "fields": {
      "name": "Social Club No. 6",
      "street": "Social Street 6",
      "zip": "39297"
    }
  },
  {
    "model": "core.socialclub",
    "pk": 8,
    "fields": {
      "name": "Social Club No. 7",
      "street": "Social Street 7",
      "zip": "30639"
    }
  },
  {
    "model": "core.socialclub",
    "pk": 9,
    "fields": {
      "name": "Social Club No. 8",
      "street": "Social Street 8",
      "zip": "69563"
    }
  },
  {
    "model": "core.socialclub",
    "pk": 10,
    "fields": {
      "name": "Social Club No. 9",
      "street": "Social Street 9",
      "zip": "35507"
    }
  },
  {
    "model": "core.product",
    "pk": 1,
    "fields": {
      "name": "Marsh Wintercress",
      "social_club": 9,
      "price": 5,
      "quality": 1
    }
  },
  {
    "model": "core.product",
    "pk": 2,
    "fields": {
      "name": "Eagle Poisonberry",
      "social_club": 1,
      "price": 13,
      "quality": 2
    }
  },
  {
    "model": "core.product",
    "pk": 3,
    "fields": {
      "name": "Whisper Laceflower",
      "social_club": 7,
      "price": 11,
      "quality": 2
    }
  },
  {
    "model": "core.product",
    "pk": 4,
    "fields": {
      "name": "Deadly Hemp",
      "social_club": 7,
      "price": 13,
      "quality": 3
    }
  },
  {
    "model": "core.product",
    "pk": 5,
    "fields": {
      "name": "Thrade",
      "social_club": 1,
      "price": 10,
      "quality": 2
    }
  },
  {
    "model": "core.product",
    "pk": 6,
    "fields": {
      "name": "Anon",
      "social_club": 3,
      "price": 5,
      "quality": 2
    }
  },
  {
    "model": "core.product",
    "pk": 7,
    "fields": {
      "name": "Eoknedgoil",
      "social_club": 6,
      "price": 15,
      "quality": 1
    }
  },
  {
    "model": "core.product",
    "pk": 8,
    "fields": {
      "name": "Brukmite",
      "social_club": 1,
      "price": 7,
      "quality": 1
    }
  },
  {
    "model": "core.product",
    "pk": 9,
    "fields": {
      "name": "Silver Inkberry",
      "social_club": 7,
      "price": 4,
      "quality": 2
    }
  },
  {
    "model": "core.product",
    "pk": 10,
    "fields": {
      "name": "Dragon Groundberry",
      "social_club": 9,
      "price": 11,
      "quality": 2
    }
  },
  {
    "model": "core.product",
    "pk": 11,
    "fields": {
      "name": "Fatigue Joy",
      "social_club": 4,
      "price": 15,
      "quality": 1
    }
  },
  {
    "model": "core.product",
    "pk": 12,
    "fields": {
      "name": "Vision Shadblow",
      "social_club": 4,
      "price": 6,
      "quality": 1
    }
  },
  {
    "model": "core.product",
    "pk": 13,
    "fields": {
      "name": "Glacier Grass",
      "social_club": 7,
      "price": 9,
      "quality": 1
    }
  },
  {
    "model": "core.product",
    "pk": 14,
    "fields": {
      "name": "Ifyegon",
      "social_club": 4,
      "price": 7,
      "quality": 2
    }
  },
  {
    "model": "core.product",
    "pk": 15,
    "fields": {
      "name": "Itium",
      "social_club": 3,
      "price": 13,
      "quality": 2
    }
  },
  {
    "model": "core.product",
    "pk": 16,
    "fields": {
      "name": "Asriffoss",
      "social_club": 9,
      "price": 14,
      "quality": 2
    }
  },
  {
    "model": "core.product",
    "pk": 17,
    "fields": {
      "name": "Odrastine",
      "social_club": 7,
      "price": 7,
      "quality": 1
    }
  },
  {
    "model": "core.product",
    "pk": 18,
    "fields": {
      "name": "Adasliscus",
      "social_club": 1,
      "price": 11,
      "quality": 3
    }
  },
  {
    "model": "core.member",
    "pk": 1,
    "fields": {
      "first_name": "Embla",
      "last_name": "Gjengedal",
      "social_club": 8,
      "age": 10
    }
  },
  {
    "model": "core.member",
    "pk": 2,
    "fields": {
      "first_name": "Mathias",
      "last_name": "Hansen",
      "social_club": 1,
      "age": 40
    }
  },
  {
    "model": "core.member",
    "pk": 3,
    "fields": {
      "first_name": "Vujadin",
      "last_name": "Živojinović",
      "social_club": 4,
      "age": 14
    }
  },
  {
    "model": "core.member",
    "pk": 4,
    "fields": {
      "first_name": "Adam",
      "last_name": "Madsen",
      "social_club": 7,
      "age": 22
    }
  },
  {
    "model": "core.member",
    "pk": 5,
    "fields": {
      "first_name": "Nathalie",
      "last_name": "Marie",
      "social_club": 6,
      "age": 12
    }
  },
  {
    "model": "core.member",
    "pk": 6,
    "fields": {
      "first_name": "Elsemiek",
      "last_name": "Wullems",
      "social_club": 3,
      "age": 34
    }
  },
  {
    "model": "core.member",
    "pk": 7,
    "fields": {
      "first_name": "Adriana",
      "last_name": "Ortega",
      "social_club": 4,
      "age": 7
    }
  },
  {
    "model": "core.member",
    "pk": 8,
    "fields": {
      "first_name": "Iiris",
      "last_name": "Hietala",
      "social_club": 9,
      "age": 8
    }
  },
  {
    "model": "core.member",
    "pk": 9,
    "fields": {
      "first_name": "Yashika",
      "last_name": "Mathew",
      "social_club": 5,
      "age": 1
    }
  },
  {
    "model": "core.member",
    "pk": 10,
    "fields": {
      "first_name": "Mauro",
      "last_name": "Esquivel",
      "social_club": 8,
      "age": 27
    }
  },
  {
    "model": "core.member",
    "pk": 11,
    "fields": {
      "first_name": "Bharathy",
      "last_name": "Gatty",
      "social_club": 6,
      "age": 44
    }
  },
  {
    "model": "core.member",
    "pk": 12,
    "fields": {
      "first_name": "Rowy",
      "last_name": "Schouw",
      "social_club": 7,
      "age": 17
    }
  },
  {
    "model": "core.member",
    "pk": 13,
    "fields": {
      "first_name": "Leonarda",
      "last_name": "Van den Blink",
      "social_club": 6,
      "age": 15
    }
  },
  {
    "model": "core.member",
    "pk": 14,
    "fields": {
      "first_name": "Daniel",
      "last_name": "Villareal",
      "social_club": 5,
      "age": 43
    }
  },
  {
    "model": "core.member",
    "pk": 15,
    "fields": {
      "first_name": "Revun",
      "last_name": "Lonchina",
      "social_club": 9,
      "age": 25
    }
  },
  {
    "model": "core.member",
    "pk": 16,
    "fields": {
      "first_name": "Michael",
      "last_name": "Bowman",
      "social_club": 5,
      "age": 21
    }
  },
  {
    "model": "core.member",
    "pk": 17,
    "fields": {
      "first_name": "Karl-Otto",
      "last_name": "Rohrbach",
      "social_club": 9,
      "age": 40
    }
  },
  {
    "model": "core.member",
    "pk": 18,
    "fields": {
      "first_name": "Freia",
      "last_name": "Hase",
      "social_club": 1,
      "age": 8
    }
  },
  {
    "model": "core.member",
    "pk": 19,
    "fields": {
      "first_name": "Matthieu",
      "last_name": "Bourgeois",
      "social_club": 5,
      "age": 22
    }
  },
  {
    "model": "core.member",
    "pk": 20,
    "fields": {
      "first_name": "Elisabet",
      "last_name": "Miller",
      "social_club": 8,
      "age": 32
    }
  },
  {
    "model": "core.member",
    "pk": 21,
    "fields": {
      "first_name": "Vilina",
      "last_name": "Budniy",
      "social_club": 7,
      "age": 45
    }
  },
  {
    "model": "core.member",
    "pk": 22,
    "fields": {
      "first_name": "سورنا",
      "last_name": "احمدی",
      "social_club": 8,
      "age": 2
    }
  },
  {
    "model": "core.member",
    "pk": 23,
    "fields": {
      "first_name": "آدرینا",
      "last_name": "رضایی",
      "social_club": 3,
      "age": 48
    }
  },
  {
    "model": "core.member",
    "pk": 24,
    "fields": {
      "first_name": "Randy",
      "last_name": "Bailey",
      "social_club": 8,
      "age": 11
    }
  },
  {
    "model": "core.member",
    "pk": 25,
    "fields": {
      "first_name": "Fulco",
      "last_name": "Wopereis",
      "social_club": 10,
      "age": 48
    }
  },
  {
    "model": "core.member",
    "pk": 26,
    "fields": {
      "first_name": "Peyton",
      "last_name": "Thompson",
      "social_club": 3,
      "age": 47
    }
  },
  {
    "model": "core.member",
    "pk": 27,
    "fields": {
      "first_name": "Radimira",
      "last_name": "Andriychuk",
      "social_club": 9,
      "age": 38
    }
  },
  {
    "model": "core.member",
    "pk": 28,
    "fields": {
      "first_name": "Fatima",
      "last_name": "Nese",
      "social_club": 4,
      "age": 19
    }
  },
  {
    "model": "core.member",
    "pk": 29,
    "fields": {
      "first_name": "Vukašin",
      "last_name": "Živanović",
      "social_club": 3,
      "age": 1
    }
  },
  {
    "model": "core.member",
    "pk": 30,
    "fields": {
      "first_name": "فاطمه",
      "last_name": "كامياران",
      "social_club": 4,
      "age": 5
    }
  },
  {
    "model": "core.member",
    "pk": 31,
    "fields": {
      "first_name": "Lenni",
      "last_name": "Jarvinen",
      "social_club": 5,
      "age": 25
    }
  },
  {
    "model": "core.member",
    "pk": 32,
    "fields": {
      "first_name": "Landon",
      "last_name": "Torres",
      "social_club": 4,
      "age": 31
    }
  },
  {
    "model": "core.member",
    "pk": 33,
    "fields": {
      "first_name": "Laurine",
      "last_name": "Picard",
      "social_club": 10,
      "age": 9
    }
  },
  {
    "model": "core.member",
    "pk": 34,
    "fields": {
      "first_name": "Tore",
      "last_name": "Brenna",
      "social_club": 6,
      "age": 15
    }
  },
  {
    "model": "core.member",
    "pk": 35,
    "fields": {
      "first_name": "مرسانا",
      "last_name": "کوتی",
      "social_club": 8,
      "age": 26
    }
  },
  {
    "model": "core.member",
    "pk": 36,
    "fields": {
      "first_name": "Maxwell",
      "last_name": "West",
      "social_club": 10,
      "age": 36
    }
  },
  {
    "model": "core.member",
    "pk": 37,
    "fields": {
      "first_name": "Gael",
      "last_name": "Vázquez",
      "social_club": 2,
      "age": 0
    }
  },
  {
    "model": "core.member",
    "pk": 38,
    "fields": {
      "first_name": "Leonie",
      "last_name": "Schiefer",
      "social_club": 3,
      "age": 40
    }
  },
  {
    "model": "core.member",
    "pk": 39,
    "fields": {
      "first_name": "Alice",
      "last_name": "Wilson",
      "social_club": 5,
      "age": 21
    }
  },
  {
    "model": "core.member",
    "pk": 40,
    "fields": {
      "first_name": "یسنا",
      "last_name": "سهيلي راد",
      "social_club": 2,
      "age": 21
    }
  },
  {
    "model": "core.member",
    "pk": 41,
    "fields": {
      "first_name": "Anka",
      "last_name": "Thiel",
      "social_club": 9,
      "age": 25
    }
  },
  {
    "model": "core.member",
    "pk": 42,
    "fields": {
      "first_name": "Şükran",
      "last_name": "Rosendaal",
      "social_club": 5,
      "age": 16
    }
  },
  {
    "model": "core.member",
    "pk": 43,
    "fields": {
      "first_name": "Maya",
      "last_name": "Berger",
      "social_club": 10,
      "age": 39
    }
  },
  {
    "model": "core.member",
    "pk": 44,
    "fields": {
      "first_name": "Sonia",
      "last_name": "García",
      "social_club": 8,
      "age": 10
    }
  },
  {
    "model": "core.member",
    "pk": 45,
    "fields": {
      "first_name": "Jordi",
      "last_name": "Peña",
      "social_club": 1,
      "age": 22
    }
  },
  {
    "model": "core.member",
    "pk": 46,
    "fields": {
      "first_name": "Caitlin",
      "last_name": "Wood",
      "social_club": 3,
      "age": 18
    }
  },
  {
    "model": "core.member",
    "pk": 47,
    "fields": {
      "first_name": "Julija",
      "last_name": "Radivojević",
      "social_club": 4,
      "age": 36
    }
  },
  {
    "model": "core.member",
    "pk": 48,
    "fields": {
      "first_name": "Anita",
      "last_name": "Schulte",
      "social_club": 7,
      "age": 27
    }
  },
  {
    "model": "core.member",
    "pk": 49,
    "fields": {
      "first_name": "Frida",
      "last_name": "Sørensen",
      "social_club": 3,
      "age": 34
    }
  },
  {
    "model": "core.member",
    "pk": 50,
    "fields": {
      "first_name": "Hüseyin",
      "last_name": "Dupuis",
      "social_club": 1,
      "age": 29
    }
  },
  {
    "model": "core.member",
    "pk": 51,
    "fields": {
      "first_name": "Nihal",
      "last_name": "Pietersen",
      "social_club": 8,
      "age": 28
    }
  },
  {
    "model": "core.member",
    "pk": 52,
    "fields": {
      "first_name": "Leonne",
      "last_name": "Leerkes",
      "social_club": 3,
      "age": 28
    }
  },
  {
    "model": "core.member",
    "pk": 53,
    "fields": {
      "first_name": "Judith",
      "last_name": "James",
      "social_club": 6,
      "age": 37
    }
  },
  {
    "model": "core.member",
    "pk": 54,
    "fields": {
      "first_name": "Luzia",
      "last_name": "Fleury",
      "social_club": 2,
      "age": 18
    }
  },
  {
    "model": "core.member",
    "pk": 55,
    "fields": {
      "first_name": "Elijah",
      "last_name": "Fowler",
      "social_club": 10,
      "age": 1
    }
  },
  {
    "model": "core.member",
    "pk": 56,
    "fields": {
      "first_name": "Spas",
      "last_name": "Macura",
      "social_club": 2,
      "age": 14
    }
  },
  {
    "model": "core.member",
    "pk": 57,
    "fields": {
      "first_name": "Sadraque",
      "last_name": "Martins",
      "social_club": 1,
      "age": 28
    }
  },
  {
    "model": "core.member",
    "pk": 58,
    "fields": {
      "first_name": "Valentino",
      "last_name": "Villagómez",
      "social_club": 8,
      "age": 3
    }
  },
  {
    "model": "core.member",
    "pk": 59,
    "fields": {
      "first_name": "Selmo",
      "last_name": "Cavalcanti",
      "social_club": 7,
      "age": 37
    }
  },
  {
    "model": "core.member",
    "pk": 60,
    "fields": {
      "first_name": "Danny",
      "last_name": "Sullivan",
      "social_club": 4,
      "age": 24
    }
  },
  {
    "model": "core.member",
    "pk": 61,
    "fields": {
      "first_name": "Milja",
      "last_name": "Maunu",
      "social_club": 8,
      "age": 16
    }
  },
  {
    "model": "core.member",
    "pk": 62,
    "fields": {
      "first_name": "Tania",
      "last_name": "Rojo",
      "social_club": 4,
      "age": 41
    }
  },
  {
    "model": "core.member",
    "pk": 63,
    "fields": {
      "first_name": "Diana",
      "last_name": "Carlson",
      "social_club": 6,
      "age": 11
    }
  },
  {
    "model": "core.member",
    "pk": 64,
    "fields": {
      "first_name": "Christian",
      "last_name": "Diaz",
      "social_club": 5,
      "age": 45
    }
  },
  {
    "model": "core.member",
    "pk": 65,
    "fields": {
      "first_name": "Jonathan",
      "last_name": "Armas",
      "social_club": 6,
      "age": 40
    }
  },
  {
    "model": "core.member",
    "pk": 66,
    "fields": {
      "first_name": "Ratislav",
      "last_name": "Galaychuk",
      "social_club": 5,
      "age": 6
    }
  },
  {
    "model": "core.member",
    "pk": 67,
    "fields": {
      "first_name": "Claudio",
      "last_name": "Roux",
      "social_club": 10,
      "age": 47
    }
  },
  {
    "model": "core.member",
    "pk": 68,
    "fields": {
      "first_name": "Ramya",
      "last_name": "Jain",
      "social_club": 4,
      "age": 2
    }
  },
  {
    "model": "core.member",
    "pk": 69,
    "fields": {
      "first_name": "Molly",
      "last_name": "Løkke",
      "social_club": 10,
      "age": 41
    }
  },
  {
    "model": "core.member",
    "pk": 70,
    "fields": {
      "first_name": "Jessica",
      "last_name": "Gonzalez",
      "social_club": 8,
      "age": 17
    }
  },
  {
    "model": "core.member",
    "pk": 71,
    "fields": {
      "first_name": "Draginja",
      "last_name": "Popović",
      "social_club": 4,
      "age": 41
    }
  },
  {
    "model": "core.member",
    "pk": 72,
    "fields": {
      "first_name": "Vicenta",
      "last_name": "Vega",
      "social_club": 10,
      "age": 29
    }
  },
  {
    "model": "core.member",
    "pk": 73,
    "fields": {
      "first_name": "Gaël",
      "last_name": "Roger",
      "social_club": 4,
      "age": 48
    }
  },
  {
    "model": "core.member",
    "pk": 74,
    "fields": {
      "first_name": "Marinalva",
      "last_name": "Silva",
      "social_club": 6,
      "age": 35
    }
  },
  {
    "model": "core.member",
    "pk": 75,
    "fields": {
      "first_name": "Mason",
      "last_name": "Patel",
      "social_club": 4,
      "age": 47
    }
  },
  {
    "model": "core.member",
    "pk": 76,
    "fields": {
      "first_name": "Letitia",
      "last_name": "Pearson",
      "social_club": 4,
      "age": 0
    }
  },
  {
    "model": "core.member",
    "pk": 77,
    "fields": {
      "first_name": "Oscar",
      "last_name": "Simmons",
      "social_club": 8,
      "age": 10
    }
  },
  {
    "model": "core.member",
    "pk": 78,
    "fields": {
      "first_name": "Maria",
      "last_name": "Hart",
      "social_club": 3,
      "age": 33
    }
  },
  {
    "model": "core.member",
    "pk": 79,
    "fields": {
      "first_name": "Domaha",
      "last_name": "Paprockiy",
      "social_club": 2,
      "age": 13
    }
  },
  {
    "model": "core.member",
    "pk": 80,
    "fields": {
      "first_name": "Lucy",
      "last_name": "King",
      "social_club": 10,
      "age": 50
    }
  },
  {
    "model": "core.member",
    "pk": 81,
    "fields": {
      "first_name": "Léonie",
      "last_name": "Nguyen",
      "social_club": 10,
      "age": 24
    }
  },
  {
    "model": "core.member",
    "pk": 82,
    "fields": {
      "first_name": "Andrés",
      "last_name": "Vieira",
      "social_club": 6,
      "age": 28
    }
  },
  {
    "model": "core.member",
    "pk": 83,
    "fields": {
      "first_name": "Esther",
      "last_name": "Domínguez",
      "social_club": 8,
      "age": 8
    }
  },
  {
    "model": "core.member",
    "pk": 84,
    "fields": {
      "first_name": "Emeli",
      "last_name": "Eeg",
      "social_club": 8,
      "age": 1
    }
  },
  {
    "model": "core.member",
    "pk": 85,
    "fields": {
      "first_name": "Celestine",
      "last_name": "Garcia",
      "social_club": 8,
      "age": 9
    }
  },
  {
    "model": "core.member",
    "pk": 86,
    "fields": {
      "first_name": "Simon",
      "last_name": "Larsen",
      "social_club": 8,
      "age": 2
    }
  },
  {
    "model": "core.member",
    "pk": 87,
    "fields": {
      "first_name": "Kristin",
      "last_name": "Bjørke",
      "social_club": 2,
      "age": 23
    }
  },
  {
    "model": "core.member",
    "pk": 88,
    "fields": {
      "first_name": "Barış",
      "last_name": "Kunter",
      "social_club": 4,
      "age": 5
    }
  },
  {
    "model": "core.member",
    "pk": 89,
    "fields": {
      "first_name": "Navya",
      "last_name": "Nand",
      "social_club": 10,
      "age": 19
    }
  },
  {
    "model": "core.member",
    "pk": 90,
    "fields": {
      "first_name": "Momir",
      "last_name": "Tasić",
      "social_club": 4,
      "age": 17
    }
  },
  {
    "model": "core.member",
    "pk": 91,
    "fields": {
      "first_name": "Soraia",
      "last_name": "Silveira",
      "social_club": 2,
      "age": 12
    }
  },
  {
    "model": "core.member",
    "pk": 92,
    "fields": {
      "first_name": "Nicolas",
      "last_name": "Martin",
      "social_club": 2,
      "age": 42
    }
  },
  {
    "model": "core.member",
    "pk": 93,
    "fields": {
      "first_name": "Philippe",
      "last_name": "Jones",
      "social_club": 10,
      "age": 32
    }
  },
  {
    "model": "core.member",
    "pk": 94,
    "fields": {
      "first_name": "Eli",
      "last_name": "Lane",
      "social_club": 1,
      "age": 2
    }
  },
  {
    "model": "core.member",
    "pk": 95,
    "fields": {
      "first_name": "Alette",
      "last_name": "Wist",
      "social_club": 5,
      "age": 30
    }
  },
  {
    "model": "core.member",
    "pk": 96,
    "fields": {
      "first_name": "Kiomi",
      "last_name": "Roijen",
      "social_club": 10,
      "age": 38
    }
  },
  {
    "model": "core.member",
    "pk": 97,
    "fields": {
      "first_name": "Necati",
      "last_name": "Oraloğlu",
      "social_club": 5,
      "age": 40
    }
  },
  {
    "model": "core.member",
    "pk": 98,
    "fields": {
      "first_name": "یاسمین",
      "last_name": "یاسمی",
      "social_club": 5,
      "age": 44
    }
  },
  {
    "model": "core.member",
    "pk": 99,
    "fields": {
      "first_name": "Prisca",
      "last_name": "de Souza",
      "social_club": 8,
      "age": 29
    }
  },
  {
    "model": "core.member",
    "pk": 100,
    "fields": {
      "first_name": "Celia",
      "last_name": "Nieto",
      "social_club": 8,
      "age": 25
    }
  },
  {
    "model": "core.member",
    "pk": 101,
    "fields": {
      "first_name": "Francisca",
      "last_name": "Gallego",
      "social_club": 10,
      "age": 28
    }
  },
  {
    "model": "core.member",
    "pk": 102,
    "fields": {
      "first_name": "Minnie",
      "last_name": "Hopkins",
      "social_club": 7,
      "age": 22
    }
  },
  {
    "model": "core.member",
    "pk": 103,
    "fields": {
      "first_name": "Isa",
      "last_name": "Rezende",
      "social_club": 2,
      "age": 27
    }
  },
  {
    "model": "core.member",
    "pk": 104,
    "fields": {
      "first_name": "Kyle",
      "last_name": "Stewart",
      "social_club": 1,
      "age": 40
    }
  },
  {
    "model": "core.member",
    "pk": 105,
    "fields": {
      "first_name": "Bertram",
      "last_name": "Christiansen",
      "social_club": 2,
      "age": 42
    }
  },
  {
    "model": "core.member",
    "pk": 106,
    "fields": {
      "first_name": "Grigoriy",
      "last_name": "Lazorskiy",
      "social_club": 5,
      "age": 10
    }
  },
  {
    "model": "core.member",
    "pk": 107,
    "fields": {
      "first_name": "Raúl",
      "last_name": "da Mota",
      "social_club": 10,
      "age": 29
    }
  },
  {
    "model": "core.member",
    "pk": 108,
    "fields": {
      "first_name": "Lucy",
      "last_name": "Neal",
      "social_club": 3,
      "age": 35
    }
  },
  {
    "model": "core.member",
    "pk": 109,
    "fields": {
      "first_name": "Dúlia",
      "last_name": "Jesus",
      "social_club": 7,
      "age": 32
    }
  },
  {
    "model": "core.member",
    "pk": 110,
    "fields": {
      "first_name": "Isabella",
      "last_name": "Mitchell",
      "social_club": 1,
      "age": 33
    }
  },
  {
    "model": "core.member",
    "pk": 111,
    "fields": {
      "first_name": "آیناز",
      "last_name": "احمدی",
      "social_club": 6,
      "age": 8
    }
  },
  {
    "model": "core.member",
    "pk": 112,
    "fields": {
      "first_name": "Remígio",
      "last_name": "Mendes",
      "social_club": 2,
      "age": 12
    }
  },
  {
    "model": "core.member",
    "pk": 113,
    "fields": {
      "first_name": "Mila",
      "last_name": "Menard",
      "social_club": 1,
      "age": 31
    }
  },
  {
    "model": "core.member",
    "pk": 114,
    "fields": {
      "first_name": "Bakhshi",
      "last_name": "Gugale",
      "social_club": 10,
      "age": 41
    }
  },
  {
    "model": "core.member",
    "pk": 115,
    "fields": {
      "first_name": "Roy",
      "last_name": "Ammon",
      "social_club": 7,
      "age": 49
    }
  },
  {
    "model": "core.member",
    "pk": 116,
    "fields": {
      "first_name": "Hannah",
      "last_name": "Castro",
      "social_club": 7,
      "age": 44
    }
  },
  {
    "model": "core.member",
    "pk": 117,
    "fields": {
      "first_name": "Angel",
      "last_name": "Kelley",
      "social_club": 10,
      "age": 29
    }
  },
  {
    "model": "core.member",
    "pk": 118,
    "fields": {
      "first_name": "Vir",
      "last_name": "Loyko",
      "social_club": 8,
      "age": 2
    }
  },
  {
    "model": "core.member",
    "pk": 119,
    "fields": {
      "first_name": "Vânia",
      "last_name": "da Mota",
      "social_club": 7,
      "age": 46
    }
  },
  {
    "model": "core.member",
    "pk": 120,
    "fields": {
      "first_name": "Pablo",
      "last_name": "Moreau",
      "social_club": 10,
      "age": 36
    }
  },
  {
    "model": "core.member",
    "pk": 121,
    "fields": {
      "first_name": "Justin",
      "last_name": "Brown",
      "social_club": 4,
      "age": 19
    }
  },
  {
    "model": "core.member",
    "pk": 122,
    "fields": {
      "first_name": "Clyde",
      "last_name": "Gonzales",
      "social_club": 3,
      "age": 27
    }
  },
  {
    "model": "core.guest",
    "pk": 1,
    "fields": {
      "first_name": "Peppi",
      "last_name": "Hiltunen",
      "social_club": 9,
      "rating": 2
    }
  },
  {
    "model": "core.guest",
    "pk": 2,
    "fields": {
      "first_name": "Julie",
      "last_name": "Lewis",
      "social_club": 8,
      "rating": 2
    }
  },
  {
    "model": "core.guest",
    "pk": 3,
    "fields": {
      "first_name": "Justin",
      "last_name": "Taksdal",
      "social_club": 3,
      "rating": 2
    }
  },
  {
    "model": "core.guest",
    "pk": 4,
    "fields": {
      "first_name": "Nastya",
      "last_name": "Pasko",
      "social_club": 10,
      "rating": 5
    }
  },
  {
    "model": "core.guest",
    "pk": 5,
    "fields": {
      "first_name": "Yashodha",
      "last_name": "Sullad",
      "social_club": 2,
      "rating": 5
    }
  },
  {
    "model": "core.guest",
    "pk": 6,
    "fields": {
      "first_name": "Ece",
      "last_name": "Kaplangı",
      "social_club": 10,
      "rating": 2
    }
  },
  {
    "model": "core.guest",
    "pk": 7,
    "fields": {
      "first_name": "یاسمن",
      "last_name": "گلشن",
      "social_club": 9,
      "rating": 2
    }
  },
  {
    "model": "core.guest",
    "pk": 8,
    "fields": {
      "first_name": "Vincent",
      "last_name": "Chen",
      "social_club": 3,
      "rating": 4
    }
  },
  {
    "model": "core.guest",
    "pk": 9,
    "fields": {
      "first_name": "Mariana",
      "last_name": "Cavazos",
      "social_club": 10,
      "rating": 5
    }
  },
  {
    "model": "core.guest",
    "pk": 10,
    "fields": {
      "first_name": "Frederik",
      "last_name": "Johansen",
      "social_club": 10,
      "rating": 0
    }
  },
  {
    "model": "core.guest",
    "pk": 11,
    "fields": {
      "first_name": "Lada",
      "last_name": "Borojević",
      "social_club": 4,
      "rating": 4
    }
  },
  {
    "model": "core.guest",
    "pk": 12,
    "fields": {
      "first_name": "Terra",
      "last_name": "Segaar",
      "social_club": 7,
      "rating": 5
    }
  },
  {
    "model": "core.guest",
    "pk": 13,
    "fields": {
      "first_name": "Marija",
      "last_name": "Straube",
      "social_club": 6,
      "rating": 5
    }
  },
  {
    "model": "core.guest",
    "pk": 14,
    "fields": {
      "first_name": "Detlev",
      "last_name": "Strunk",
      "social_club": 3,
      "rating": 3
    }
  },
  {
    "model": "core.guest",
    "pk": 15,
    "fields": {
      "first_name": "Tilde",
      "last_name": "Johansen",
      "social_club": 8,
      "rating": 0
    }
  },
  {
    "model": "core.guest",
    "pk": 16,
    "fields": {
      "first_name": "آوینا",
      "last_name": "پارسا",
      "social_club": 6,
      "rating": 3
    }
  },
  {
    "model": "core.guest",
    "pk": 17,
    "fields": {
      "first_name": "Vilja",
      "last_name": "Bakkan",
      "social_club": 1,
      "rating": 0
    }
  },
  {
    "model": "core.guest",
    "pk": 18,
    "fields": {
      "first_name": "Sebastian",
      "last_name": "Fox",
      "social_club": 5,
      "rating": 5
    }
  },
  {
    "model": "core.guest",
    "pk": 19,
    "fields": {
      "first_name": "Erika",
      "last_name": "Vetrhus",
      "social_club": 10,
      "rating": 3
    }
  },
  {
    "model": "core.guest",
    "pk": 20,
    "fields": {
      "first_name": "Deborah",
      "last_name": "Morgan",
      "social_club": 3,
      "rating": 1
    }
  },
  {
    "model": "core.guest",
    "pk": 21,
    "fields": {
      "first_name": "Georgios",
      "last_name": "Henry",
      "social_club": 7,
      "rating": 4
    }
  },
  {
    "model": "core.guest",
    "pk": 22,
    "fields": {
      "first_name": "Sofie",
      "last_name": "Sture",
      "social_club": 8,
      "rating": 3
    }
  },
  {
    "model": "core.guest",
    "pk": 23,
    "fields": {
      "first_name": "Zinoviy",
      "last_name": "Sulimenko",
      "social_club": 3,
      "rating": 1
    }
  },
  {
    "model": "core.guest",
    "pk": 24,
    "fields": {
      "first_name": "Maxime",
      "last_name": "Claire",
      "social_club": 8,
      "rating": 5
    }
  },
  {
    "model": "core.guest",
    "pk": 25,
    "fields": {
      "first_name": "Laura",
      "last_name": "Christensen",
      "social_club": 4,
      "rating": 4
    }
  },
  {
    "model": "core.guest",
    "pk": 26,
    "fields": {
      "first_name": "Olive",
      "last_name": "White",
      "social_club": 8,
      "rating": 2
    }
  },
  {
    "model": "core.guest",
    "pk": 27,
    "fields": {
      "first_name": "Maurice",
      "last_name": "Castro",
      "social_club": 9,
      "rating": 5
    }
  },
  {
    "model": "core.guest",
    "pk": 28,
    "fields": {
      "first_name": "Semibor",
      "last_name": "Kucheryaviy",
      "social_club": 5,
      "rating": 3
    }
  },
  {
    "model": "core.guest",
    "pk": 29,
    "fields": {
      "first_name": "Shambhavi",
      "last_name": "Tipparti",
      "social_club": 9,
      "rating": 2
    }
  },
  {
    "model": "core.guest",
    "pk": 30,
    "fields": {
      "first_name": "Ceyhun",
      "last_name": "Hakyemez",
      "social_club": 3,
      "rating": 3
    }
  },
  {
    "model": "core.guest",
    "pk": 31,
    "fields": {
      "first_name": "Uaira",
      "last_name": "da Rosa",
      "social_club": 8,
      "rating": 3
    }
  },
  {
    "model": "core.guest",
    "pk": 32,
    "fields": {
      "first_name": "Ceyhun",
      "last_name": "Ertepınar",
      "social_club": 9,
      "rating": 2
    }
  },
  {
    "model": "core.guest",
    "pk": 33,
    "fields": {
      "first_name": "Eugen",
      "last_name": "Carpentier",
      "social_club": 7,
      "rating": 3
    }
  },
  {
    "model": "core.guest",
    "pk": 34,
    "fields": {
      "first_name": "Sally",
      "last_name": "Austin",
      "social_club": 3,
      "rating": 5
    }
  },
  {
    "model": "core.guest",
    "pk": 35,
    "fields": {
      "first_name": "Ceyhun",
      "last_name": "Küçükler",
      "social_club": 9,
      "rating": 1
    }
  },
  {
    "model": "core.guest",
    "pk": 36,
    "fields": {
      "first_name": "Leonora",
      "last_name": "Brunet",
      "social_club": 5,
      "rating": 2
    }
  },
  {
    "model": "core.guest",
    "pk": 37,
    "fields": {
      "first_name": "Maria",
      "last_name": "Larsen",
      "social_club": 2,
      "rating": 4
    }
  },
  {
    "model": "core.guest",
    "pk": 38,
    "fields": {
      "first_name": "Emily",
      "last_name": "Kumar",
      "social_club": 4,
      "rating": 5
    }
  },
  {
    "model": "core.guest",
    "pk": 39,
    "fields": {
      "first_name": "Afet",
      "last_name": "Köylüoğlu",
      "social_club": 4,
      "rating": 0
    }
  },
  {
    "model": "core.guest",
    "pk": 40,
    "fields": {
      "first_name": "Vanesa",
      "last_name": "Rojo",
      "social_club": 3,
      "rating": 5
    }
  },
  {
    "model": "core.guest",
    "pk": 41,
    "fields": {
      "first_name": "Irmela",
      "last_name": "Weitz",
      "social_club": 1,
      "rating": 3
    }
  },
  {
    "model": "core.guest",
    "pk": 42,
    "fields": {
      "first_name": "Querijn",
      "last_name": "Van Aert",
      "social_club": 8,
      "rating": 5
    }
  },
  {
    "model": "core.guest",
    "pk": 43,
    "fields": {
      "first_name": "Violet",
      "last_name": "Kumar",
      "social_club": 3,
      "rating": 2
    }
  },
  {
    "model": "core.guest",
    "pk": 44,
    "fields": {
      "first_name": "Carla",
      "last_name": "Clark",
      "social_club": 1,
      "rating": 0
    }
  },
  {
    "model": "core.guest",
    "pk": 45,
    "fields": {
      "first_name": "Deanna",
      "last_name": "Hansen",
      "social_club": 7,
      "rating": 0
    }
  },
  {
    "model": "core.guest",
    "pk": 46,
    "fields": {
      "first_name": "Otto",
      "last_name": "Lampo",
      "social_club": 2,
      "rating": 4
    }
  },
  {
    "model": "core.guest",
    "pk": 47,
    "fields": {
      "first_name": "Carmen",
      "last_name": "Malde",
      "social_club": 5,
      "rating": 1
    }
  },
  {
    "model": "core.guest",
    "pk": 48,
    "fields": {
      "first_name": "Lumi",
      "last_name": "Lampinen",
      "social_club": 7,
      "rating": 1
    }
  },
  {
    "model": "core.guest",
    "pk": 49,
    "fields": {
      "first_name": "Zachary",
      "last_name": "Chu",
      "social_club": 6,
      "rating": 0
    }
  },
  {
    "model": "core.guest",
    "pk": 50,
    "fields": {
      "first_name": "Radoslav",
      "last_name": "Vilotić",
      "social_club": 10,
      "rating": 5
    }
  },
  {
    "model": "core.guest",
    "pk": 51,
    "fields": {
      "first_name": "Nathaniel",
      "last_name": "Davies",
      "social_club": 2,
      "rating": 5
    }
  },
  {
    "model": "core.guest",
    "pk": 52,
    "fields": {
      "first_name": "Jantiena",
      "last_name": "Van der Zalm",
      "social_club": 8,
      "rating": 3
    }
  },
  {
    "model": "core.guest",
    "pk": 53,
    "fields": {
      "first_name": "Elvira",
      "last_name": "Caraballo",
      "social_club": 4,
      "rating": 1
    }
  },
  {
    "model": "core.guest",
    "pk": 54,
    "fields": {
      "first_name": "Isabela",
      "last_name": "Narváez",
      "social_club": 2,
      "rating": 4
    }
  },
  {
    "model": "core.guest",
    "pk": 55,
    "fields": {
      "first_name": "Trinidad",
      "last_name": "León",
      "social_club": 2,
      "rating": 3
    }
  },
  {
    "model": "auth.user",
    "pk": 1,
    "fields": {
      "password": "pbkdf2_sha256$720000$yueCbxgyqwAHQsImVrpIK3$KeUzgORhD4+F7bMM0CszNNNPyEggCQRabS9zOd4e+nE=",
      "last_login": null,
      "is_superuser": true,
      "username": "root",
      "first_name": "",
      "last_name": "",
      "email": "root@example.com",
      "is_staff": true,
      "is_active": true,
      "date_joined": "2024-04-20T10:37:08.650Z",
      "groups": [],
      "user_permissions": []
    }
  }
]